ProductID,ProductName,Price,CategoryID,Class,ModifyDate,Resistant,IsAllergic,VitalityDays
1,Flour - Whole Wheat,74.2988,3,Medium,16-02-2018,Durable,Unknown,0
2,Cookie Chocolate Chip With,91.2329,3,Medium,12-02-2017,Unknown,Unknown,0
3,Onions - Cippolini,9.1379,9,Medium,15-03-2018,Weak,FALSE,111
4,"Sauce - Gravy, Au Jus, Mix",54.3055,9,Medium,16-07-2017,Durable,Unknown,0
5,Artichokes - Jerusalem,65.4771,2,Low,16-08-2017,Durable,TRUE,27
6,Wine - Magnotta - Cab Sauv,79.7184,8,High,25-05-2017,Unknown,Unknown,0
7,Table Cloth - 53x69 Colour,31.837,9,Medium,24-02-2017,Durable,FALSE,0
8,Halibut - Steaks,89.8573,5,Medium,24-03-2018,Unknown,TRUE,108
9,Rabbit - Whole,84.4219,11,Medium,17-06-2017,Durable,Unknown,0
10,Scampi Tail,95.0957,4,Low,30-07-2017,Weak,TRUE,105
11,Garbage Bags - Clear,6.2949,9,Low,05-01-2017,Durable,TRUE,67
12,Ezy Change Mophandle,49.3356,4,Medium,01-11-2017,Durable,TRUE,0
13,"Water, Tap",28.2232,11,Low,16-01-2017,Durable,FALSE,69
14,Beef - Top Sirloin,3.3324,7,Medium,26-02-2017,Durable,TRUE,0
15,"Spoon - Soup, Plastic",32.442,1,Low,03-03-2017,Weak,TRUE,0
16,Kellogs Special K Cereal,54.7246,2,Low,23-01-2017,Durable,TRUE,0
17,"Wine - White, Mosel Gold",43.9182,10,Medium,01-03-2017,Unknown,Unknown,0
18,"Lamb - Whole, Fresh",23.3966,10,Medium,19-12-2017,Unknown,FALSE,0
19,Tea - Earl Grey,22.5614,3,Medium,14-06-2017,Weak,TRUE,94
20,Chocolate - Feathers,85.9011,3,Low,21-07-2017,Durable,TRUE,0
21,Kiwi,46.7252,7,High,09-05-2018,Durable,Unknown,0
22,Rice - Jasmine Sented,27.8955,6,Medium,09-05-2017,Weak,Unknown,48
23,Crab - Imitation Flakes,79.0184,11,Medium,19-08-2017,Durable,TRUE,0
24,"Beer - Alexander Kieths, Pale Ale",89.037,3,Medium,23-05-2017,Durable,TRUE,65
25,Soupcontfoam16oz 116con,80.7666,10,High,09-04-2017,Durable,TRUE,0
26,Squid U5 - Thailand,33.7821,11,Medium,26-03-2018,Weak,FALSE,10
27,Chocolate - Compound Coating,17.1724,1,Medium,29-10-2017,Unknown,Unknown,86
28,Sobe - Tropical Energy,12.3153,9,High,25-10-2017,Durable,TRUE,0
29,Spinach - Baby,33.5883,7,Low,06-08-2017,Durable,TRUE,50
30,"Cheese - Brie, Triple Creme",67.899,6,Low,21-03-2018,Weak,Unknown,72
31,Yeast Dry - Fermipan,73.9851,2,Medium,17-04-2017,Durable,FALSE,0
32,Lettuce - Treviso,96.4127,3,High,09-01-2017,Durable,TRUE,0
33,Beans - Wax,45.5551,10,Medium,01-02-2017,Weak,TRUE,0
34,Mustard Prepared,43.3463,6,Medium,21-09-2017,Weak,Unknown,7
35,"Water - Mineral, Natural",15.7233,6,Low,01-10-2017,Durable,TRUE,97
36,Table Cloth 54x72 White,69.2574,9,Low,04-03-2018,Durable,TRUE,0
37,"Nut - Pistachio, Shelled",80.3171,7,Low,27-02-2017,Unknown,FALSE,0
38,Sage - Ground,81.6579,6,High,26-09-2017,Weak,FALSE,0
39,Dried Figs,75.2059,11,Medium,04-08-2017,Weak,FALSE,120
40,Cocktail Napkin Blue,8.9372,8,Low,28-06-2017,Unknown,Unknown,0
41,"Cup - 6oz, Foam",81.721,7,Medium,15-03-2018,Unknown,TRUE,0
42,Bread - Raisin Walnut Oval,81.0488,1,High,01-04-2018,Weak,FALSE,0
43,Sponge Cake Mix - Chocolate,16.3983,9,High,12-08-2017,Weak,TRUE,96
44,"Wine - White, Colubia Cresh",48.5981,7,High,09-04-2018,Durable,TRUE,0
45,Beef - Ground Medium,79.5324,4,Medium,23-03-2018,Weak,TRUE,0
46,Lambcasing,86.7915,9,High,12-07-2017,Durable,FALSE,0
47,"Thyme - Lemon, Fresh",47.1339,9,High,16-02-2018,Weak,FALSE,0
48,Pecan Raisin - Tarts,60.3625,7,Low,26-11-2017,Unknown,Unknown,114
49,Bacardi Breezer - Tropical,61.4317,8,High,03-01-2017,Durable,FALSE,0
50,Pork - Kidney,43.2864,7,High,21-04-2018,Weak,TRUE,0
51,Wine - Crozes Hermitage E.,81.0134,11,Medium,16-05-2017,Unknown,Unknown,0
52,"Turnip - White, Organic",55.6059,1,Low,27-06-2017,Durable,FALSE,0
53,Cassis,92.6279,8,Medium,16-02-2018,Weak,TRUE,0
54,"Liners - Banana, Paper",53.5592,9,Medium,23-06-2017,Weak,TRUE,0
55,Cinnamon Buns Sticky,6.6182,3,High,05-03-2018,Unknown,FALSE,85
56,Chips Potato Salt Vinegar 43g,46.4033,9,Low,10-10-2017,Weak,FALSE,0
57,Sausage - Breakfast,12.2145,3,Low,03-11-2017,Unknown,TRUE,103
58,Dc Hikiage Hira Huba,20.1009,7,Low,24-10-2017,Durable,Unknown,91
59,Pastry - Butterscotch Baked,73.5389,10,High,08-04-2017,Unknown,FALSE,0
60,"Pepper - Paprika, Hungarian",31.6949,2,Medium,29-09-2017,Weak,Unknown,0
61,Sardines,62.546,8,Low,03-12-2017,Durable,FALSE,90
62,Pears - Bosc,19.5217,1,Medium,09-09-2017,Unknown,Unknown,13
63,Cake - Mini Cheesecake,56.2689,9,Low,18-08-2017,Weak,Unknown,0
64,Vinegar - Sherry,16.5229,6,Low,05-08-2017,Unknown,TRUE,94
65,Brandy - Bar,21.1106,3,High,14-04-2017,Weak,FALSE,0
66,Pie Filling - Cherry,9.8823,7,Medium,06-05-2018,Weak,FALSE,0
67,Wine - Sogrape Mateus Rose,3.7805,5,Low,30-09-2017,Unknown,TRUE,108
68,"Beets - Candy Cane, Organic",84.8769,6,High,04-09-2017,Durable,FALSE,72
69,Raspberries - Fresh,87.6092,1,Low,04-10-2017,Unknown,TRUE,0
70,Squid - Tubes / Tenticles 10/20,63.1846,4,Low,08-05-2017,Weak,TRUE,45
71,Cheese - Wine,74.4076,6,Low,04-04-2018,Durable,Unknown,0
72,Bar - Granola Trail Mix Fruit Nut,62.2603,4,High,13-10-2017,Durable,FALSE,0
73,Appetizer - Sausage Rolls,48.1907,11,Low,17-05-2017,Weak,TRUE,0
74,Carbonated Water - Cherry,13.6241,7,Medium,26-04-2018,Durable,FALSE,26
75,Chef Hat 20cm,4.18,8,High,14-09-2017,Durable,Unknown,116
76,Wine - Fume Blanc Fetzer,65.6765,6,Low,08-02-2017,Durable,FALSE,95
77,Potatoes - Idaho 100 Count,11.4971,9,Medium,04-02-2018,Durable,FALSE,0
78,Wine - Magnotta - Belpaese,30.4202,4,Medium,18-09-2017,Weak,Unknown,0
79,"Pasta - Penne, Rigate, Dry",9.5045,11,High,09-07-2017,Weak,FALSE,104
80,Wasabi Powder,93.9752,2,High,04-02-2018,Weak,TRUE,0
81,Cookies - Assorted,86.6483,2,Medium,08-02-2017,Unknown,Unknown,0
82,Jolt Cola - Electric Blue,56.8099,5,Low,12-04-2018,Unknown,Unknown,63
83,Lamb - Ground,50.8837,1,High,22-10-2017,Durable,Unknown,116
84,Peas - Frozen,90.3019,1,Medium,25-08-2017,Durable,FALSE,0
85,Cheese - Parmesan Cubes,86.8857,7,High,06-11-2017,Durable,Unknown,0
86,Longos - Grilled Chicken With,18.3791,2,Low,28-02-2018,Weak,FALSE,0
87,Wine - Pinot Noir Latour,3.7847,7,Low,02-04-2017,Unknown,FALSE,0
88,Remy Red,91.996,2,Low,19-12-2017,Durable,Unknown,0
89,"Beef - Ground, Extra Lean, Fresh",36.7281,3,Medium,26-11-2017,Weak,TRUE,0
90,Flavouring - Orange,69.32,9,High,30-04-2018,Unknown,TRUE,37
91,General Purpose Trigger,57.0429,6,High,02-05-2017,Durable,TRUE,97
92,"Wine - Red, Colio Cabernet",60.2161,1,Low,13-09-2017,Weak,Unknown,0
93,Bandage - Fexible 1x3,8.119,8,Low,20-06-2017,Durable,FALSE,11
94,V8 - Berry Blend,43.5109,9,High,15-03-2018,Weak,Unknown,108
95,Beans - Kidney White,46.3913,1,High,02-12-2017,Unknown,Unknown,0
96,Cheese - Bocconcini,62.1993,7,High,07-07-2017,Unknown,FALSE,0
97,Veal - Inside,24.7798,4,Medium,14-08-2017,Weak,TRUE,0
98,Shrimp - 31/40,99.8755,3,High,07-01-2017,Weak,FALSE,0
99,Mustard - Seed,27.4874,5,Low,27-12-2017,Weak,TRUE,0
100,"Pork - Loin, Bone - In",69.6501,9,Low,27-03-2018,Durable,Unknown,7
101,"Soup - Campbells, Lentil",83.011,4,Medium,19-02-2018,Durable,Unknown,99
102,"Rosemary - Primerba, Paste",62.257,4,High,14-06-2017,Unknown,FALSE,0
103,Cream Of Tartar,72.7534,7,Low,22-02-2017,Unknown,Unknown,0
104,Tia Maria,98.2471,5,High,04-01-2018,Unknown,FALSE,0
105,Ecolab - Mikroklene 4/4 L,68.8789,1,Medium,17-01-2017,Durable,TRUE,0
106,Pickerel - Fillets,18.753,7,High,11-12-2017,Weak,FALSE,19
107,Bread - French Baquette,7.4151,1,High,10-02-2017,Weak,FALSE,0
108,Pasta - Orecchiette,79.0038,1,High,01-03-2018,Weak,TRUE,0
109,Muffin - Zero Transfat,49.3791,1,Medium,15-02-2018,Durable,FALSE,0
110,Black Currants,40.9417,9,High,26-01-2018,Durable,Unknown,48
111,Scallops 60/80 Iqf,34.9061,11,Medium,13-01-2018,Durable,Unknown,0
112,Browning Caramel Glace,81.7943,10,High,15-02-2017,Weak,Unknown,0
113,Ocean Spray - Kiwi Strawberry,10.5964,7,Low,17-04-2017,Unknown,FALSE,106
114,Veal - Osso Bucco,79.5638,8,High,11-07-2017,Weak,TRUE,93
115,Ocean Spray - Ruby Red,45.0466,11,Low,22-08-2017,Weak,FALSE,0
116,Steam Pan - Half Size Deep,5.736,3,Low,31-12-2017,Weak,TRUE,104
117,Ketchup - Tomato,68.638,11,High,27-03-2018,Weak,Unknown,0
118,Garbag Bags - Black,65.967,9,High,02-05-2018,Weak,Unknown,0
119,Soup Campbells - Italian Wedding,29.6372,11,Medium,06-02-2018,Unknown,FALSE,0
120,Water - Spring Water 500ml,2.7314,2,Medium,23-06-2017,Durable,Unknown,94
121,Muffin Batt - Blueberry Passion,6.0976,11,Low,03-02-2018,Durable,Unknown,0
122,Table Cloth 62x114 White,11.7845,4,High,19-02-2018,Weak,FALSE,0
123,Oil - Shortening - All - Purpose,48.1487,4,Low,15-02-2018,Unknown,Unknown,0
124,Macaroons - Two Bite Choc,18.2891,4,Low,13-10-2017,Unknown,TRUE,81
125,"Nut - Chestnuts, Whole",6.1417,9,Low,07-01-2017,Weak,FALSE,0
126,Crackers - Trio,14.1914,6,Low,23-07-2017,Unknown,Unknown,76
127,Island Oasis - Mango Daiquiri,54.1413,8,Medium,25-04-2017,Unknown,FALSE,34
128,Coffee - Irish Cream,4.6797,2,Medium,12-07-2017,Durable,Unknown,71
129,Chicken - Soup Base,67.2329,7,High,26-05-2017,Durable,TRUE,0
130,Beef Wellington,41.9808,2,Low,11-03-2017,Unknown,FALSE,0
131,Anchovy Paste - 56 G Tube,40.8967,3,Medium,03-11-2017,Durable,FALSE,0
132,Beer - Blue,11.6217,6,High,28-01-2018,Weak,FALSE,24
133,Beef - Top Sirloin - Aaa,2.9327,11,Low,30-01-2018,Weak,Unknown,0
134,Wine - Toasted Head,39.8545,2,High,21-08-2017,Weak,TRUE,0
135,Wiberg Super Cure,10.9641,10,Low,25-04-2018,Durable,FALSE,61
136,Vol Au Vents,24.3913,10,Medium,03-01-2018,Weak,TRUE,0
137,"Wine - White, Schroder And Schyl",84.0566,10,Low,19-02-2018,Durable,FALSE,0
138,"Rum - Coconut, Malibu",52.6367,7,Low,24-02-2018,Durable,Unknown,0
139,Chicken - Wieners,21.423,1,High,09-08-2017,Weak,FALSE,0
140,"Oregano - Dry, Rubbed",68.1326,11,High,04-04-2018,Durable,Unknown,16
141,Tea - Herbal Sweet Dreams,10.964,1,Low,19-01-2018,Durable,TRUE,37
142,"Pork - Bacon, Double Smoked",24.7809,6,Medium,10-06-2017,Weak,TRUE,0
143,Watercress,42.6169,1,Medium,13-03-2018,Unknown,TRUE,0
144,"Placemat - Scallop, White",95.7865,5,Medium,09-03-2018,Durable,FALSE,0
145,Wine - Chardonnay South,34.4139,9,Low,18-04-2017,Durable,Unknown,27
146,Bananas,75.2486,7,High,18-03-2017,Durable,FALSE,0
147,Cheese - Mozzarella,49.6197,5,High,29-05-2017,Unknown,FALSE,0
148,Beer - Sleemans Cream Ale,28.5553,11,Medium,19-04-2018,Durable,TRUE,91
149,Zucchini - Yellow,98.4644,10,High,25-07-2017,Weak,TRUE,0
150,Langers - Ruby Red Grapfruit,40.6552,9,High,10-04-2018,Durable,FALSE,0
151,"Mushrooms - Black, Dried",93.5613,7,High,19-08-2017,Weak,TRUE,0
152,"Lentils - Red, Dry",58.8128,7,Medium,22-08-2017,Unknown,Unknown,26
153,Arizona - Green Tea,70.2382,4,Low,10-04-2017,Weak,FALSE,0
154,Ice Cream Bar - Drumstick,24.756,4,Medium,06-07-2017,Weak,TRUE,0
155,"Peas - Pigeon, Dry",63.5524,9,High,21-02-2017,Weak,FALSE,0
156,Sprouts - Alfalfa,71.2264,1,High,09-05-2018,Durable,FALSE,0
157,"Juice - Cranberry, 341 Ml",14.1082,11,Medium,06-09-2017,Unknown,FALSE,19
158,Apricots Fresh,54.4643,4,High,18-09-2017,Unknown,FALSE,18
159,Eggplant - Asian,92.1053,7,Medium,29-12-2017,Durable,TRUE,0
160,Beef Ground Medium,54.6874,7,Medium,03-11-2017,Weak,TRUE,0
161,Longos - Chicken Wings,64.6118,10,Low,18-08-2017,Weak,Unknown,0
162,Sauce - Demi Glace,2.7353,11,Medium,08-12-2017,Weak,TRUE,117
163,Tomatoes Tear Drop,11.7708,6,Low,07-10-2017,Unknown,TRUE,116
164,Loquat,7.3982,11,Medium,07-12-2017,Unknown,FALSE,0
165,Bread Crumbs - Japanese Style,0.0449,6,Low,26-03-2017,Unknown,FALSE,0
166,Tray - 16in Rnd Blk,23.2843,5,High,25-04-2018,Durable,FALSE,0
167,Knife Plastic - White,78.8615,11,Medium,26-05-2017,Durable,FALSE,0
168,Milk - 2%,70.7419,6,Medium,03-01-2018,Unknown,TRUE,29
169,Water - Aquafina Vitamin,68.5996,10,Medium,26-07-2017,Unknown,FALSE,0
170,Initation Crab Meat,20.6553,1,Medium,26-12-2017,Durable,FALSE,0
171,Gloves - Goldtouch Disposable,21.6794,5,High,21-03-2018,Durable,FALSE,0
172,Sherry - Dry,16.0013,5,High,31-01-2017,Durable,Unknown,72
173,Rosemary - Dry,44.544,8,Low,24-09-2017,Durable,FALSE,0
174,Guinea Fowl,61.5047,11,High,13-03-2018,Durable,TRUE,0
175,Oil - Safflower,91.7675,1,Low,12-10-2017,Weak,TRUE,52
176,Smirnoff Green Apple Twist,81.3167,6,High,27-08-2017,Durable,TRUE,90
177,"Coconut - Shredded, Sweet",69.1677,3,Medium,18-04-2018,Weak,TRUE,0
178,Pernod,52.3623,10,High,17-04-2018,Weak,TRUE,0
179,Yoghurt Tubes,83.8752,6,Low,28-06-2017,Durable,Unknown,26
180,Chocolate - Dark,30.8932,3,Low,01-03-2018,Durable,TRUE,27
181,Phyllo Dough,64.5718,1,Medium,24-02-2017,Unknown,FALSE,0
182,Campari,25.586,9,Low,16-05-2017,Weak,FALSE,54
183,Spice - Peppercorn Melange,6.2154,4,High,27-04-2018,Weak,FALSE,0
184,Hersey Shakes,26.5776,9,Low,24-06-2017,Weak,TRUE,0
185,Foam Dinner Plate,48.4195,6,Low,30-11-2017,Weak,Unknown,40
186,Muffin Mix - Blueberry,82.0839,8,Low,15-03-2017,Weak,FALSE,0
187,"Pepper - Black, Whole",41.3835,3,Medium,20-10-2017,Durable,FALSE,31
188,Cup - Translucent 7 Oz Clear,78.1768,8,High,27-07-2017,Durable,FALSE,91
189,"Bread - Roll, Soft White Round",76.3021,5,High,01-07-2017,Unknown,FALSE,16
190,Cake - Cake Sheet Macaroon,39.7378,9,Medium,25-04-2018,Durable,TRUE,93
191,"Hickory Smoke, Liquid",10.283,10,High,30-04-2017,Weak,Unknown,0
192,"Wine - Magnotta, Merlot Sr Vqa",29.5923,7,Medium,03-06-2017,Durable,Unknown,0
193,"Veal - Inside, Choice",60.5314,11,Medium,26-02-2017,Unknown,FALSE,19
194,Lettuce - Frisee,66.7357,6,Medium,12-02-2018,Unknown,FALSE,0
195,Beets - Mini Golden,3.5208,2,Medium,18-08-2017,Durable,Unknown,70
196,Longos - Grilled Salmon With Bbq,8.2286,1,High,11-02-2017,Unknown,Unknown,0
197,Mussels - Cultivated,13.0101,1,Medium,11-01-2018,Unknown,TRUE,0
198,Lime Cordial - Roses,35.2187,1,Low,06-04-2017,Durable,FALSE,60
199,Pork - Hock And Feet Attached,95.7415,10,Medium,15-12-2017,Weak,Unknown,105
200,Garlic - Peeled,11.1295,5,Medium,02-05-2017,Weak,FALSE,0
201,Grenadine,96.3871,8,Medium,01-03-2018,Weak,TRUE,117
202,Bay Leaf,78.8778,11,Low,02-10-2017,Weak,TRUE,0
203,"Chicken - Leg, Boneless",59.9557,1,High,25-09-2017,Weak,Unknown,29
204,Scallop - St. Jaques,77.809,9,Medium,06-12-2017,Durable,TRUE,5
205,"Turkey - Whole, Fresh",18.9757,5,High,21-01-2017,Weak,FALSE,32
206,Cocoa Butter,77.56,3,Low,19-07-2017,Unknown,Unknown,0
207,Coffee - Hazelnut Cream,14.2688,10,Medium,06-04-2018,Unknown,TRUE,116
208,"Mushroom - Trumpet, Dry",8.7335,5,Medium,06-06-2017,Weak,FALSE,15
209,Sugar - Fine,32.9885,3,Low,31-01-2018,Unknown,Unknown,0
210,"Cheese - Brie,danish",82.2358,3,High,03-11-2017,Unknown,Unknown,0
211,Wine - Prosecco Valdobiaddene,2.0587,9,Low,22-01-2017,Unknown,TRUE,76
212,Curry Paste - Madras,61.746,2,High,28-09-2017,Weak,TRUE,97
213,Pate - Cognac,70.5891,10,High,23-03-2017,Weak,TRUE,39
214,French Pastry - Mini Chocolate,61.2121,5,Low,09-03-2018,Durable,Unknown,0
215,"Veal - Brisket, Provimi,bnls",90.1157,7,High,10-09-2017,Weak,Unknown,92
216,Scallops - 10/20,39.0257,1,Low,04-04-2017,Unknown,Unknown,0
217,Bread - Multigrain,96.52,8,Medium,21-12-2017,Durable,TRUE,0
218,Barramundi,85.1933,8,High,15-04-2017,Weak,TRUE,31
219,Assorted Desserts,58.9787,5,Low,08-01-2017,Durable,FALSE,0
220,Meldea Green Tea Liquor,17.961,10,Low,12-01-2017,Weak,FALSE,0
221,Bread Crumbs - Panko,81.9008,3,Low,06-07-2017,Unknown,FALSE,0
222,"Sole - Dover, Whole, Fresh",0.6846,3,High,08-03-2018,Unknown,FALSE,0
223,Pail With Metal Handle 16l White,94.4399,1,Medium,06-07-2017,Unknown,Unknown,0
224,Flour - Pastry,28.8618,1,High,09-08-2017,Weak,FALSE,0
225,Wine - Charddonnay Errazuriz,10.3722,3,Medium,28-08-2017,Weak,Unknown,0
226,"Chestnuts - Whole,canned",92.0872,10,Medium,18-10-2017,Durable,TRUE,0
227,Cheese - Taleggio D.o.p.,55.4699,5,Low,14-04-2018,Weak,FALSE,0
228,Sauce - Hollandaise,77.8083,3,High,19-12-2017,Durable,Unknown,93
229,Bread - Hot Dog Buns,57.9838,9,Medium,27-07-2017,Weak,FALSE,66
230,"Wine - Cahors Ac 2000, Clos",83.5389,11,Medium,01-09-2017,Weak,FALSE,75
231,Crush - Cream Soda,68.3066,5,Medium,24-12-2017,Unknown,TRUE,0
232,Quiche Assorted,33.949,3,Medium,12-01-2018,Weak,FALSE,0
233,Duck - Breast,56.6209,11,Low,04-05-2017,Durable,TRUE,0
234,Tofu - Firm,72.7457,1,Medium,27-02-2017,Weak,Unknown,0
235,Bread - English Muffin,34.5061,6,High,09-05-2018,Durable,FALSE,0
236,Tomato - Tricolor Cherry,85.694,1,Low,02-10-2017,Unknown,TRUE,113
237,Mayonnaise - Individual Pkg,65.6303,8,Low,29-12-2017,Weak,FALSE,94
238,Garlic,28.4065,6,Medium,22-05-2017,Durable,FALSE,0
239,"Soup - Campbells, Cream Of",7.6019,5,Medium,03-06-2017,Weak,TRUE,0
240,Wine - Chablis 2003 Champs,70.8596,4,Low,14-05-2017,Weak,FALSE,0
241,Cheese - Cheddarsliced,67.8151,9,Medium,17-04-2017,Unknown,Unknown,0
242,Thermometer Digital,32.65,9,Low,17-05-2017,Weak,FALSE,11
243,Sun - Dried Tomatoes,45.1883,6,Medium,02-11-2017,Weak,FALSE,104
244,Beef - Rib Eye Aaa,94.0664,2,Low,04-01-2018,Unknown,TRUE,0
245,Grouper - Fresh,37.6791,1,Medium,04-04-2018,Weak,Unknown,111
246,Ice Cream Bar - Hageen Daz To,48.5371,9,Low,10-12-2017,Weak,FALSE,96
247,Juice - Apple Cider,59.0033,9,High,14-03-2017,Weak,FALSE,58
248,Beef - Inside Round,99.3193,7,Low,29-04-2017,Unknown,Unknown,0
249,Cookie Dough - Double,76.6201,10,Medium,05-06-2017,Weak,TRUE,0
250,"Soup - Campbells, Beef Barley",64.4951,1,Low,17-05-2017,Durable,FALSE,0
251,"Oranges - Navel, 72",11.7087,5,Low,01-07-2017,Weak,TRUE,7
252,Nantucket - Pomegranate Pear,27.8169,4,Medium,28-09-2017,Weak,Unknown,83
253,Wanton Wrap,76.24,7,High,29-03-2017,Unknown,Unknown,0
254,"Soup - Canadian Pea, Dry Mix",77.7804,1,Low,04-12-2017,Weak,TRUE,0
255,Kellogs All Bran Bars,29.2287,3,Low,05-03-2018,Weak,FALSE,0
256,Soup Knorr Chili With Beans,95.7024,6,Medium,03-05-2018,Durable,Unknown,0
257,"Pasta - Detalini, White, Fresh",84.438,11,High,30-03-2017,Durable,Unknown,0
258,Tea - English Breakfast,31.0939,1,Low,16-02-2017,Weak,Unknown,0
259,Veal - Eye Of Round,67.4367,7,High,10-04-2017,Unknown,TRUE,71
260,"Yogurt - Blueberry, 175 Gr",26.8886,7,Low,13-08-2017,Durable,FALSE,31
261,Chinese Foods - Chicken,22.0901,9,High,14-08-2017,Durable,TRUE,0
262,Bagel - Plain,36.4605,7,Medium,19-04-2017,Durable,Unknown,41
263,Soupfoamcont12oz 112con,50.7497,7,Low,20-03-2018,Weak,FALSE,0
264,Juice - V8 Splash,49.4497,3,High,02-06-2017,Durable,TRUE,0
265,"Mushroom - Porcini, Dry",13.9292,10,Medium,20-03-2018,Weak,Unknown,7
266,Clam Nectar,68.1097,7,High,19-05-2017,Weak,Unknown,0
267,Grapes - Red,5.125,2,Medium,28-05-2017,Unknown,TRUE,0
268,Vanilla Beans,97.8435,9,Low,25-01-2017,Durable,FALSE,0
269,Wine - Blue Nun Qualitatswein,26.706,11,Medium,10-03-2018,Durable,TRUE,0
270,Cheese Cloth No 100,4.4216,6,Medium,17-04-2018,Durable,Unknown,101
271,Banana - Leaves,73.3954,5,High,13-08-2017,Unknown,TRUE,0
272,"Chocolate - Semi Sweet, Calets",68.1134,2,Low,01-08-2017,Weak,TRUE,13
273,Bandage - Flexible Neon,77.5913,4,Medium,21-03-2018,Weak,Unknown,0
274,Papayas,88.1192,2,Low,03-01-2018,Weak,FALSE,0
275,Corn Meal,50.146,1,Medium,03-02-2018,Durable,TRUE,88
276,Snapple - Iced Tea Peach,49.2508,5,High,20-02-2017,Unknown,TRUE,0
277,Sea Bass - Whole,55.4964,9,Medium,06-05-2017,Durable,Unknown,118
278,Apricots - Halves,0.3735,11,Medium,09-11-2017,Weak,FALSE,87
279,Beef - Texas Style Burger,91.1828,1,Low,14-09-2017,Durable,TRUE,0
280,Onion Powder,61.8352,5,Medium,26-01-2018,Durable,FALSE,0
281,"Bar Mix - Pina Colada, 355 Ml",33.0839,2,High,06-08-2017,Durable,TRUE,0
282,"Lemonade - Natural, 591 Ml",56.1506,10,Low,16-12-2017,Durable,FALSE,88
283,Bread Fig And Almond,1.1882,4,Low,16-07-2017,Durable,FALSE,0
284,Beer - Rickards Red,93.4888,9,Low,13-03-2017,Weak,FALSE,0
285,Cheese - Mix,71.8302,7,Low,03-03-2017,Unknown,Unknown,107
286,Beef - Prime Rib Aaa,40.4897,2,Low,29-03-2017,Durable,FALSE,29
287,Bread - Italian Roll With Herbs,57.709,7,Medium,16-10-2017,Durable,TRUE,0
288,"Orange - Canned, Mandarin",78.8405,11,Low,07-10-2017,Durable,TRUE,0
289,Sword Pick Asst,43.5169,10,Low,03-05-2017,Durable,FALSE,0
290,Sauce - Rosee,38.8037,1,Low,06-01-2017,Unknown,TRUE,110
291,"Crab - Dungeness, Whole",1.2559,2,Medium,05-07-2017,Unknown,FALSE,0
292,Turkey - Oven Roast Breast,34.5364,8,Low,13-11-2017,Unknown,FALSE,0
293,Garlic - Elephant,60.9698,11,Medium,11-02-2017,Durable,Unknown,0
294,Wine - Alsace Gewurztraminer,80.7133,10,Low,28-02-2018,Weak,Unknown,18
295,"Ice - Clear, 300 Lb For Carving",48.7695,7,Low,07-02-2018,Unknown,TRUE,0
296,Wine - Valpolicella Masi,31.3545,3,Low,07-05-2018,Weak,FALSE,90
297,Hinge W Undercut,81.9003,3,Low,07-07-2017,Durable,TRUE,120
298,Pop Shoppe Cream Soda,95.7387,4,Medium,03-06-2017,Unknown,FALSE,0
299,Fuji Apples,80.1371,4,Medium,24-02-2018,Unknown,FALSE,0
300,"Beans - Kidney, Canned",69.5694,5,Medium,16-11-2017,Unknown,TRUE,0
301,Beer - Labatt Blue,43.412,8,Medium,16-07-2017,Weak,Unknown,0
302,"Doilies - 5, Paper",61.1598,11,Medium,18-02-2017,Durable,Unknown,0
303,Cod - Black Whole Fillet,72.6133,7,High,28-06-2017,Unknown,FALSE,0
304,Banana Turning,72.1984,5,High,27-06-2017,Unknown,TRUE,0
305,Pastry - Cheese Baked Scones,91.0997,8,Medium,10-02-2018,Weak,TRUE,19
306,"Pepper - White, Ground",43.5953,4,Low,08-04-2018,Durable,TRUE,117
307,Foam Cup 6 Oz,50.2256,1,High,16-11-2017,Durable,Unknown,0
308,Tea - Decaf Lipton,88.1209,6,High,02-08-2017,Durable,Unknown,0
309,Muffin Batt - Choc Chk,27.6344,11,Medium,09-03-2018,Durable,TRUE,76
310,Coffee - Dark Roast,79.978,9,Low,14-01-2018,Weak,FALSE,0
311,Wonton Wrappers,40.206,9,High,29-12-2017,Weak,Unknown,56
312,Salmon - Sockeye Raw,84.0645,1,Low,27-09-2017,Weak,TRUE,54
313,Veal - Slab Bacon,39.9111,11,High,12-10-2017,Unknown,Unknown,116
314,Salmon Steak - Cohoe 8 Oz,5.6015,2,Medium,23-07-2017,Unknown,TRUE,82
315,Wine - Gato Negro Cabernet,93.8047,6,Medium,07-01-2017,Unknown,TRUE,0
316,Cheese - Victor Et Berthold,65.9395,11,High,05-01-2018,Weak,FALSE,94
317,Water - Green Tea Refresher,35.2723,3,Low,10-02-2018,Weak,FALSE,0
318,Ecolab - Solid Fusion,57.261,10,High,07-01-2018,Unknown,Unknown,76
319,Towels - Paper / Kraft,77.6195,7,High,01-04-2017,Unknown,Unknown,0
320,Yogurt - French Vanilla,73.4396,9,Low,22-12-2017,Unknown,Unknown,0
321,"Potatoes - Instant, Mashed",10.4007,1,Medium,10-12-2017,Durable,Unknown,0
322,Onions - Vidalia,26.2846,2,Medium,28-12-2017,Unknown,Unknown,0
323,Extract - Lemon,54.3266,10,High,31-01-2018,Weak,FALSE,99
324,Apricots - Dried,87.9023,10,Low,04-03-2018,Durable,TRUE,42
325,Halibut - Fletches,3.1657,5,Low,13-10-2017,Unknown,TRUE,87
326,Appetizer - Mushroom Tart,38.859,9,High,07-02-2018,Unknown,FALSE,0
327,"Appetizer - Mini Egg Roll, Shrimp",7.1436,2,Medium,20-06-2017,Unknown,FALSE,0
328,Tuna - Salad Premix,96.8781,6,Medium,22-01-2017,Durable,TRUE,35
329,"Pork - Loin, Center Cut",39.3496,6,High,05-04-2018,Weak,TRUE,0
330,Olives - Kalamata,18.7914,10,Medium,05-02-2018,Unknown,FALSE,0
331,Cookies Cereal Nut,67.3505,3,High,23-12-2017,Durable,Unknown,80
332,Bouq All Italian - Primerba,59.7578,5,Low,12-04-2018,Unknown,FALSE,0
333,Cheese - Cottage Cheese,20.2364,7,High,23-01-2018,Weak,FALSE,0
334,Ecolab - Lime - A - Way 4/4 L,21.6133,7,High,08-03-2018,Weak,TRUE,0
335,"Oil - Shortening,liqud, Fry",18.4231,9,Low,14-07-2017,Weak,Unknown,84
336,Broom - Corn,71.9241,2,Low,19-06-2017,Durable,TRUE,0
337,Bread - Rye,83.5373,3,Low,21-06-2017,Durable,TRUE,0
338,Cheese - Camembert,28.9899,11,Low,19-01-2017,Durable,Unknown,0
339,Beef - Striploin Aa,2.389,2,Medium,09-06-2017,Weak,Unknown,0
340,Veal - Sweetbread,28.2349,3,High,04-04-2017,Durable,TRUE,0
341,"Bread - Roll, Canadian Dinner",90.2641,1,Low,19-09-2017,Weak,TRUE,0
342,Mangoes,69.5881,1,Medium,17-03-2017,Unknown,FALSE,51
343,Otomegusa Dashi Konbu,51.2061,1,High,07-12-2017,Durable,FALSE,0
344,Sausage - Liver,63.5389,2,Low,26-08-2017,Unknown,FALSE,114
345,Bread - Calabrese Baguette,98.5978,4,Medium,18-05-2017,Durable,FALSE,67
346,Cheese - Parmesan Grated,17.1914,1,Low,15-02-2018,Unknown,TRUE,0
347,Pail For Lid 1537,94.6253,8,Low,01-02-2017,Unknown,TRUE,0
348,Pasta - Cheese / Spinach Bauletti,55.3683,10,Low,29-11-2017,Durable,TRUE,54
349,Puree - Mocha,86.9086,4,Medium,21-02-2018,Unknown,TRUE,0
350,Isomalt,82.83,8,Low,02-02-2017,Unknown,TRUE,0
351,Hot Chocolate - Individual,96.0823,1,High,28-03-2017,Durable,Unknown,0
352,"Beef - Tenderlion, Center Cut",24.6393,4,Low,06-11-2017,Unknown,FALSE,5
353,Milk Powder,18.1191,8,Medium,04-03-2017,Weak,TRUE,80
354,Crackers Cheez It,6.6975,7,Medium,05-03-2017,Unknown,FALSE,0
355,Olives - Stuffed,59.1687,5,Low,15-04-2018,Durable,FALSE,12
356,Dc - Frozen Momji,17.1274,6,High,25-11-2017,Durable,Unknown,0
357,Tilapia - Fillets,6.8332,2,Medium,27-05-2017,Durable,FALSE,0
358,"Cheese - Boursin, Garlic / Herbs",84.7111,9,Medium,02-09-2017,Unknown,TRUE,0
359,Rice - Long Grain,69.0327,11,High,21-01-2018,Durable,TRUE,96
360,Wine - Hardys Bankside Shiraz,52.2407,10,Medium,04-01-2017,Durable,TRUE,89
361,Coffee Decaf Colombian,36.4516,2,Medium,20-10-2017,Weak,TRUE,71
362,Cumin - Whole,53.3476,7,Medium,26-10-2017,Durable,Unknown,0
363,Cornflakes,48.7712,11,High,06-09-2017,Unknown,TRUE,0
364,Cattail Hearts,8.8429,1,High,01-02-2017,Unknown,Unknown,0
365,"Wine - Red, Harrow Estates, Cab",12.6274,7,Medium,23-01-2017,Weak,TRUE,95
366,Tahini Paste,80.4483,4,High,25-01-2018,Unknown,FALSE,0
367,Bread - Italian Corn Meal Poly,63.8281,5,Medium,12-01-2018,Unknown,TRUE,65
368,Flour - Teff,18.2978,4,Low,14-12-2017,Unknown,FALSE,0
369,Rambutan,87.1785,5,Medium,10-01-2017,Unknown,TRUE,10
370,Muffin - Carrot Individual Wrap,21.8806,4,Low,28-11-2017,Weak,TRUE,0
371,Creme De Banane - Marie,82.4022,8,High,18-07-2017,Durable,Unknown,0
372,Wine - Two Oceans Cabernet,6.2824,3,Low,22-01-2018,Unknown,TRUE,0
373,Beef - Montreal Smoked Brisket,54.8719,9,Medium,01-08-2017,Durable,FALSE,0
374,Jagermeister,49.3846,5,Low,07-05-2018,Durable,FALSE,0
375,Snapple Lemon Tea,83.1755,8,High,05-04-2017,Unknown,TRUE,80
376,Pasta - Angel Hair,40.8126,11,High,26-09-2017,Durable,TRUE,51
377,"Wine - Red, Cooking",75.0785,1,Medium,22-01-2017,Durable,FALSE,7
378,Bread Foccacia Whole,90.7877,9,High,08-06-2017,Durable,FALSE,0
379,Smoked Paprika,89.3046,7,High,18-10-2017,Unknown,FALSE,81
380,Wine - White Cab Sauv.on,85.9743,4,High,05-01-2018,Unknown,TRUE,0
381,Vaccum Bag 10x13,44.2337,1,High,06-01-2018,Unknown,Unknown,41
382,Soup - Campbells Bean Medley,51.7754,4,Medium,28-11-2017,Weak,Unknown,0
383,Cake - Box Window 10x10x2.5,9.9694,2,High,10-04-2017,Weak,Unknown,0
384,Fond - Neutral,56.5197,10,High,03-03-2018,Unknown,TRUE,105
385,"Pork - Back, Short Cut, Boneless",22.7091,10,High,11-11-2017,Durable,FALSE,97
386,Sprouts - Baby Pea Tendrils,42.7112,10,Medium,16-02-2017,Weak,FALSE,0
387,Fondant - Icing,41.6386,9,High,09-02-2018,Durable,FALSE,100
388,Table Cloth 120 Round White,13.5389,1,Medium,21-11-2017,Durable,TRUE,0
389,Pomello,62.4447,3,Medium,01-04-2018,Unknown,Unknown,103
390,"Seedlings - Mix, Organic",1.2956,3,Low,27-12-2017,Unknown,FALSE,0
391,Bread - Bistro White,65.0908,1,Medium,24-01-2017,Unknown,TRUE,72
392,Puree - Passion Fruit,98.8263,5,High,25-02-2018,Unknown,TRUE,33
393,Olive - Spread Tapenade,59.9572,1,Low,08-05-2017,Unknown,Unknown,0
394,Rum - Mount Gay Eclipes,50.1484,3,High,06-06-2017,Durable,TRUE,76
395,Juice - Lime,91.7833,1,Low,22-10-2017,Weak,TRUE,0
396,Tea - Jasmin Green,36.9165,6,High,03-04-2018,Durable,FALSE,0
397,Juice - Happy Planet,20.8169,1,Medium,17-11-2017,Weak,FALSE,70
398,Wine - Wyndham Estate Bin 777,42.3632,11,High,05-11-2017,Weak,TRUE,67
399,Berry Brulee,50.9114,6,Medium,04-08-2017,Unknown,TRUE,0
400,Carbonated Water - Blackcherry,18.1495,1,High,30-08-2017,Durable,TRUE,0
401,"Tart Shells - Sweet, 4",53.3634,8,High,03-02-2017,Unknown,Unknown,51
402,Butter - Unsalted,76.3275,5,High,27-06-2017,Durable,Unknown,6
403,Liners - Baking Cups,68.1898,5,Medium,20-11-2017,Unknown,Unknown,0
404,Pants Custom Dry Clean,65.028,1,Medium,27-03-2017,Durable,FALSE,0
405,Pastry - Raisin Muffin - Mini,0.4278,11,Medium,25-11-2017,Durable,TRUE,0
406,"Shrimp - Baby, Warm Water",89.7999,9,High,13-07-2017,Durable,FALSE,0
407,"Pepsi - Diet, 355 Ml",69.7674,7,High,08-04-2017,Weak,FALSE,0
408,Blueberries,68.7346,4,Low,06-03-2017,Unknown,FALSE,0
409,Skirt - 29 Foot,23.522,11,Medium,08-04-2018,Durable,Unknown,0
410,Fenngreek Seed,18.356,6,Low,20-07-2017,Unknown,Unknown,91
411,Durian Fruit,42.0489,6,Low,03-11-2017,Unknown,TRUE,0
412,Lettuce - California Mix,16.0456,5,High,27-04-2018,Weak,TRUE,0
413,Ice Cream Bar - Oreo Cone,95.4065,3,High,25-03-2018,Durable,FALSE,5
414,Sauerkraut,83.0585,7,Low,17-01-2017,Durable,Unknown,87
415,Mussels - Frozen,8.0069,10,High,07-05-2017,Durable,FALSE,0
416,Baking Powder,84.6763,10,Low,31-03-2018,Weak,TRUE,0
417,"Lamb - Pieces, Diced",43.3781,5,Medium,18-07-2017,Unknown,Unknown,12
418,Truffle Cups - Brown,92.2516,2,Low,12-11-2017,Unknown,TRUE,0
419,Pork - Belly Fresh,86.1338,3,Low,31-07-2017,Weak,TRUE,8
420,Whmis - Spray Bottle Trigger,69.9163,9,High,15-04-2018,Weak,TRUE,0
421,Soup V8 Roasted Red Pepper,38.8096,6,High,25-04-2018,Durable,FALSE,0
422,"Garlic - Primerba, Paste",50.2892,5,High,22-02-2017,Weak,Unknown,60
423,"Fish - Scallops, Cold Smoked",55.8531,2,Medium,21-01-2018,Unknown,Unknown,35
424,Vinegar - Tarragon,85.8828,3,Medium,23-05-2017,Unknown,FALSE,0
425,Wine - Redchard Merritt,56.7898,4,Medium,04-11-2017,Weak,Unknown,0
426,Scallops - Live In Shell,83.5759,3,Low,29-09-2017,Unknown,Unknown,0
427,Wine - Vineland Estate Semi - Dry,46.3252,3,High,17-09-2017,Durable,FALSE,0
428,Wine - Ruffino Chianti,4.7235,7,Medium,25-02-2017,Unknown,TRUE,48
429,Beef - Short Loin,57.6013,4,High,17-07-2017,Weak,FALSE,0
430,Milk - 1%,46.2589,2,Low,12-05-2017,Durable,FALSE,84
431,Muffin Chocolate Individual Wrap,19.9957,10,Medium,18-03-2018,Weak,FALSE,89
432,Beer - Original Organic Lager,32.7153,2,High,26-07-2017,Unknown,FALSE,44
433,"Beans - Kidney, Red Dry",39.8762,3,Low,14-03-2018,Durable,FALSE,11
434,Cookie - Dough Variety,71.1551,7,Low,18-02-2017,Weak,TRUE,0
435,"Salsify, Organic",32.6109,8,High,02-12-2017,Durable,TRUE,0
436,Table Cloth 81x81 White,67.9063,7,High,13-07-2017,Unknown,FALSE,25
437,Chips Potato All Dressed - 43g,83.5856,10,High,09-01-2017,Durable,Unknown,0
438,Juice - Orange,44.9415,2,Low,15-01-2017,Durable,Unknown,0
439,"Beef - Chuck, Boneless",56.0919,11,Medium,09-04-2017,Unknown,FALSE,108
440,Pork - Inside,32.9092,1,Low,01-05-2017,Unknown,Unknown,0
441,Blackberries,72.9439,3,Medium,19-03-2018,Weak,Unknown,0
442,Wine - Ej Gallo Sierra Valley,72.9041,6,Medium,06-12-2017,Unknown,Unknown,106
443,Lettuce - Spring Mix,90.0169,2,Low,22-12-2017,Unknown,FALSE,79
444,Cheese - Cambozola,44.0886,8,Low,13-09-2017,Durable,Unknown,56
445,Pastry - Choclate Baked,59.2467,8,High,23-02-2017,Weak,Unknown,76
446,Sunflower Seed Raw,49.0452,7,High,06-02-2017,Unknown,Unknown,18
447,"Salmon - Atlantic, Skin On",3.4198,3,High,12-04-2018,Unknown,TRUE,0
448,Gatorade - Xfactor Berry,76.8988,5,Low,22-04-2017,Unknown,FALSE,0
449,Nantuket Peach Orange,42.1414,4,Low,31-01-2017,Unknown,FALSE,0
450,Wine - Vidal Icewine Magnotta,7.107,3,Low,01-12-2017,Unknown,Unknown,0
451,Soup - Campbells Tomato Ravioli,93.5384,1,Low,16-09-2017,Durable,FALSE,0
452,Napkin White - Starched,28.5653,11,Low,06-01-2017,Durable,Unknown,0
